{"cameraMode":{"drawMode":0,"name":"Shaded","section":"Shading Mode"},"sceneLighting":true,"audioPlay":false,"sceneViewState":{"m_AlwaysRefresh":false,"showFog":true,"showSkybox":true,"showFlares":true,"showImageEffects":true,"showParticleSystems":true,"showVisualEffectGraphs":true,"m_FxEnabled":true},"in2DMode":false,"pivot":{"x":493.58477783203127,"y":142.43472290039063,"z":117.17399597167969},"rotation":{"x":0.08597807586193085,"y":-0.018259791657328607,"z":0.0015985469799488783,"w":0.996142566204071},"size":260.9895324707031,"orthographic":true}