{"cameraMode":{"drawMode":0,"name":"Shaded","section":"Shading Mode"},"sceneLighting":true,"audioPlay":false,"sceneViewState":{"m_AlwaysRefresh":false,"showFog":true,"showSkybox":true,"showFlares":true,"showImageEffects":true,"showParticleSystems":true,"showVisualEffectGraphs":true,"m_FxEnabled":true},"in2DMode":false,"pivot":{"x":-1.4565380811691285,"y":0.9219547510147095,"z":0.0822247713804245},"rotation":{"x":0.0792059451341629,"y":-0.9077496528625488,"z":0.3604631721973419,"w":0.19946303963661195},"size":6.244655132293701,"orthographic":true}