{"cameraMode":{"drawMode":0,"name":"Shaded","section":"Shading Mode"},"sceneLighting":true,"audioPlay":false,"sceneViewState":{"m_AlwaysRefresh":false,"showFog":true,"showSkybox":true,"showFlares":true,"showImageEffects":true,"showParticleSystems":true,"showVisualEffectGraphs":true,"m_FxEnabled":true},"in2DMode":false,"pivot":{"x":177.97218322753907,"y":130.8514862060547,"z":-200.8417205810547},"rotation":{"x":-0.04437500983476639,"y":0.023058896884322168,"z":0.0010379975428804756,"w":0.9987570643424988},"size":249.00001525878907,"orthographic":true}