{"cameraMode":{"drawMode":0,"name":"Shaded","section":"Shading Mode"},"sceneLighting":true,"audioPlay":false,"sceneViewState":{"m_AlwaysRefresh":false,"showFog":true,"showSkybox":true,"showFlares":true,"showImageEffects":true,"showParticleSystems":true,"showVisualEffectGraphs":true,"m_FxEnabled":true},"in2DMode":false,"pivot":{"x":1.7116031646728516,"y":-1.7744605541229249,"z":-10.112144470214844},"rotation":{"x":-0.23146945238113404,"y":0.5834691524505615,"z":-0.1781712770462036,"w":-0.7578206062316895},"size":22.851116180419923,"orthographic":true}