{"cameraMode":{"drawMode":0,"name":"Shaded","section":"Shading Mode"},"sceneLighting":true,"audioPlay":false,"sceneViewState":{"m_AlwaysRefresh":false,"showFog":true,"showSkybox":true,"showFlares":true,"showImageEffects":true,"showParticleSystems":true,"showVisualEffectGraphs":true,"m_FxEnabled":true},"in2DMode":false,"pivot":{"x":1.5564651489257813,"y":1.2397490739822388,"z":2.7917280197143556},"rotation":{"x":-0.04255393519997597,"y":0.9506810903549194,"z":-0.15128454566001893,"w":-0.26741135120391848},"size":2.697943687438965,"orthographic":false}