{"cameraMode":{"drawMode":0,"name":"Shaded","section":"Shading Mode"},"sceneLighting":true,"audioPlay":false,"sceneViewState":{"m_AlwaysRefresh":false,"showFog":true,"showSkybox":true,"showFlares":true,"showImageEffects":true,"showParticleSystems":true,"showVisualEffectGraphs":true,"m_FxEnabled":true},"in2DMode":false,"pivot":{"x":130.7483367919922,"y":1.550255537033081,"z":223.10260009765626},"rotation":{"x":0.712274968624115,"y":-0.012631411664187909,"z":0.012822316028177739,"w":0.7016700506210327},"size":180.17086791992188,"orthographic":false}