{"cameraMode":{"drawMode":0,"name":"Shaded","section":"Shading Mode"},"sceneLighting":true,"audioPlay":false,"sceneViewState":{"m_AlwaysRefresh":false,"showFog":true,"showSkybox":true,"showFlares":true,"showImageEffects":true,"showParticleSystems":true,"showVisualEffectGraphs":true,"m_FxEnabled":true},"in2DMode":false,"pivot":{"x":0.32387781143188479,"y":1.6671099662780762,"z":1.1393046379089356},"rotation":{"x":-0.21838873624801637,"y":0.5591586232185364,"z":-0.1556609719991684,"w":-0.7845332622528076},"size":5.734307765960693,"orthographic":true}