{"cameraMode":{"drawMode":0,"name":"Shaded","section":"Shading Mode"},"sceneLighting":true,"audioPlay":false,"sceneViewState":{"m_AlwaysRefresh":false,"showFog":true,"showSkybox":true,"showFlares":true,"showImageEffects":true,"showParticleSystems":true,"showVisualEffectGraphs":true,"m_FxEnabled":true},"in2DMode":false,"pivot":{"x":3.5687613487243654,"y":3.292509078979492,"z":-0.20214974880218507},"rotation":{"x":0.07116910070180893,"y":-0.7210292220115662,"z":0.07489375025033951,"w":0.6851624846458435},"size":9.872200012207032,"orthographic":true}