{"cameraMode":{"drawMode":0,"name":"Shaded","section":"Shading Mode"},"sceneLighting":true,"audioPlay":false,"sceneViewState":{"m_AlwaysRefresh":false,"showFog":true,"showSkybox":true,"showFlares":true,"showImageEffects":true,"showParticleSystems":true,"showVisualEffectGraphs":true,"m_FxEnabled":true},"in2DMode":false,"pivot":{"x":223.24826049804688,"y":56.17338943481445,"z":29.870357513427736},"rotation":{"x":0.20760875940322877,"y":0.0884951576590538,"z":-0.018844468519091607,"w":0.9740294218063355},"size":1.7582613229751588,"orthographic":true}