{"cameraMode":{"drawMode":0,"name":"Shaded","section":"Shading Mode"},"sceneLighting":true,"audioPlay":false,"sceneViewState":{"m_AlwaysRefresh":false,"showFog":true,"showSkybox":true,"showFlares":true,"showImageEffects":true,"showParticleSystems":true,"showVisualEffectGraphs":true,"m_FxEnabled":true},"in2DMode":false,"pivot":{"x":245.26780700683595,"y":10.098730087280274,"z":77.01663208007813},"rotation":{"x":0.5445554852485657,"y":0.08942677825689316,"z":-0.05853348970413208,"w":0.8318964838981628},"size":86.66969299316406,"orthographic":false}