{"cameraMode":{"drawMode":0,"name":"Shaded","section":"Shading Mode"},"sceneLighting":true,"audioPlay":false,"sceneViewState":{"m_AlwaysRefresh":false,"showFog":true,"showSkybox":true,"showFlares":true,"showImageEffects":true,"showParticleSystems":true,"showVisualEffectGraphs":true,"m_FxEnabled":true},"in2DMode":false,"pivot":{"x":205.20919799804688,"y":110.6898193359375,"z":44.49782180786133},"rotation":{"x":-0.3875007629394531,"y":-0.02707465924322605,"z":0.011386019177734852,"w":-0.9214060306549072},"size":147.12774658203126,"orthographic":true}