{"cameraMode":{"drawMode":0,"name":"Shaded","section":"Shading Mode"},"sceneLighting":true,"audioPlay":false,"sceneViewState":{"m_AlwaysRefresh":false,"showFog":true,"showSkybox":true,"showFlares":true,"showImageEffects":true,"showParticleSystems":true,"showVisualEffectGraphs":true,"m_FxEnabled":true},"in2DMode":false,"pivot":{"x":446.5155944824219,"y":204.46533203125,"z":93.31704711914063},"rotation":{"x":-0.036891862750053409,"y":-0.009330128319561482,"z":-0.0003630671708378941,"w":0.9992974400520325},"size":416.0311584472656,"orthographic":true}