{"cameraMode":{"drawMode":0,"name":"Shaded","section":"Shading Mode"},"sceneLighting":true,"audioPlay":false,"sceneViewState":{"m_AlwaysRefresh":false,"showFog":true,"showSkybox":true,"showFlares":true,"showImageEffects":true,"showParticleSystems":true,"showVisualEffectGraphs":true,"m_FxEnabled":true},"in2DMode":false,"pivot":{"x":238.723876953125,"y":47.713890075683597,"z":103.41155242919922},"rotation":{"x":-0.20209255814552308,"y":0.4386872947216034,"z":-0.10190383344888687,"w":-0.8697279691696167},"size":11.787069320678711,"orthographic":true}