{"cameraMode":{"drawMode":0,"name":"Shaded","section":"Shading Mode"},"sceneLighting":true,"audioPlay":false,"sceneViewState":{"m_AlwaysRefresh":false,"showFog":true,"showSkybox":true,"showFlares":true,"showImageEffects":true,"showParticleSystems":true,"showVisualEffectGraphs":true,"m_FxEnabled":true},"in2DMode":false,"pivot":{"x":241.37921142578126,"y":281.3330383300781,"z":-63.25249481201172},"rotation":{"x":0.39439788460731509,"y":-0.19474801421165467,"z":0.08592003583908081,"w":0.8939483165740967},"size":47.092979431152347,"orthographic":true}