{"cameraMode":{"drawMode":0,"name":"Shaded","section":"Shading Mode"},"sceneLighting":true,"audioPlay":false,"sceneViewState":{"m_AlwaysRefresh":false,"showFog":true,"showSkybox":true,"showFlares":true,"showImageEffects":true,"showParticleSystems":true,"showVisualEffectGraphs":true,"m_FxEnabled":true},"in2DMode":false,"pivot":{"x":-20.018810272216798,"y":5.565918922424316,"z":-18.302350997924806},"rotation":{"x":-0.062350258231163028,"y":0.7419149279594421,"z":-0.06884888559579849,"w":-0.6642826795578003},"size":6.0324907302856449,"orthographic":true}