{"cameraMode":{"drawMode":0,"name":"Shaded","section":"Shading Mode"},"sceneLighting":true,"audioPlay":false,"sceneViewState":{"m_AlwaysRefresh":false,"showFog":true,"showSkybox":true,"showFlares":true,"showImageEffects":true,"showParticleSystems":true,"showVisualEffectGraphs":true,"m_FxEnabled":true},"in2DMode":false,"pivot":{"x":1.9118070602416993,"y":3.5617384910583498,"z":1.7073638439178467},"rotation":{"x":0.22850550711154939,"y":-0.0607009157538414,"z":0.014276891015470028,"w":0.9715434312820435},"size":1.0921010971069337,"orthographic":true}