{"cameraMode":{"drawMode":0,"name":"Shaded","section":"Shading Mode"},"sceneLighting":true,"audioPlay":false,"sceneViewState":{"m_AlwaysRefresh":false,"showFog":true,"showSkybox":true,"showFlares":true,"showImageEffects":true,"showParticleSystems":true,"showVisualEffectGraphs":true,"m_FxEnabled":true},"in2DMode":false,"pivot":{"x":99.59496307373047,"y":19.130863189697267,"z":99.54422760009766},"rotation":{"x":0.37523242831230166,"y":-0.28595396876335146,"z":0.12289215624332428,"w":0.8731153011322022},"size":9.498409271240235,"orthographic":true}