{"cameraMode":{"drawMode":0,"name":"Shaded","section":"Shading Mode"},"sceneLighting":true,"audioPlay":false,"sceneViewState":{"m_AlwaysRefresh":false,"showFog":true,"showSkybox":true,"showFlares":true,"showImageEffects":true,"showParticleSystems":true,"showVisualEffectGraphs":true,"m_FxEnabled":true},"in2DMode":false,"pivot":{"x":86.98966217041016,"y":3.1611266136169435,"z":126.86624908447266},"rotation":{"x":0.14308059215545655,"y":-0.04304219037294388,"z":0.006227949168533087,"w":0.9887605309486389},"size":3.009620189666748,"orthographic":true}