{"cameraMode":{"drawMode":0,"name":"Shaded","section":"Shading Mode"},"sceneLighting":true,"audioPlay":false,"sceneViewState":{"m_AlwaysRefresh":false,"showFog":true,"showSkybox":true,"showFlares":true,"showImageEffects":true,"showParticleSystems":true,"showVisualEffectGraphs":true,"m_FxEnabled":true},"in2DMode":false,"pivot":{"x":77.38592529296875,"y":4.905478477478027,"z":88.49026489257813},"rotation":{"x":-0.08340497314929962,"y":-0.06960203498601914,"z":0.0057817911729216579,"w":-0.9941126704216003},"size":9.753705024719239,"orthographic":true}