{"cameraMode":{"drawMode":0,"name":"Shaded","section":"Shading Mode"},"sceneLighting":true,"audioPlay":false,"sceneViewState":{"m_AlwaysRefresh":false,"showFog":true,"showSkybox":true,"showFlares":true,"showImageEffects":true,"showParticleSystems":true,"showVisualEffectGraphs":true,"m_FxEnabled":true},"in2DMode":false,"pivot":{"x":505.7434997558594,"y":178.40185546875,"z":146.6258544921875},"rotation":{"x":0.06654833257198334,"y":-0.006314955186098814,"z":0.0004436275630723685,"w":0.9977774024009705},"size":372.5546569824219,"orthographic":true}