{"cameraMode":{"drawMode":0,"name":"Shaded","section":"Shading Mode"},"sceneLighting":true,"audioPlay":false,"sceneViewState":{"m_AlwaysRefresh":false,"showFog":true,"showSkybox":true,"showFlares":true,"showImageEffects":true,"showParticleSystems":true,"showVisualEffectGraphs":true,"m_FxEnabled":true},"in2DMode":false,"pivot":{"x":156.97401428222657,"y":-13.924483299255371,"z":88.26446533203125},"rotation":{"x":0.18908265233039857,"y":0.4578433632850647,"z":-0.10029581934213638,"w":0.8629204630851746},"size":41.06430435180664,"orthographic":false}