{"cameraMode":{"drawMode":0,"name":"Shaded","section":"Shading Mode"},"sceneLighting":true,"audioPlay":false,"sceneViewState":{"m_AlwaysRefresh":false,"showFog":true,"showSkybox":true,"showFlares":true,"showImageEffects":true,"showParticleSystems":true,"showVisualEffectGraphs":true,"m_FxEnabled":true},"in2DMode":false,"pivot":{"x":-2.2916369438171388,"y":4.423921585083008,"z":2.1961607933044435},"rotation":{"x":0.03660624101758003,"y":-0.9458693861961365,"z":0.30131810903549197,"w":0.11491259187459946},"size":6.705102443695068,"orthographic":true}