{"cameraMode":{"drawMode":0,"name":"Shaded","section":"Shading Mode"},"sceneLighting":true,"audioPlay":false,"sceneViewState":{"m_AlwaysRefresh":false,"showFog":true,"showSkybox":true,"showFlares":true,"showImageEffects":true,"showParticleSystems":true,"showVisualEffectGraphs":true,"m_FxEnabled":true},"in2DMode":false,"pivot":{"x":-19.255599975585939,"y":2.1693150997161867,"z":-32.654632568359378},"rotation":{"x":-0.006415380630642176,"y":-0.6498532891273499,"z":0.7600486278533936,"w":-0.0054513514041900639},"size":15.581765174865723,"orthographic":true}